{"cameraMode":{"drawMode":0,"name":"Shaded","section":"Shading Mode"},"sceneLighting":false,"audioPlay":false,"sceneViewState":{"m_AlwaysRefresh":false,"showFog":true,"showSkybox":true,"showFlares":true,"showImageEffects":true,"showParticleSystems":true,"showVisualEffectGraphs":true,"m_FxEnabled":true},"in2DMode":false,"pivot":{"x":5.255000114440918,"y":-4.340000152587891,"z":-0.2866666615009308},"rotation":{"x":0.07671047747135163,"y":-0.019142135977745057,"z":0.0014729790855199099,"w":0.9968681931495667},"size":9.236798286437989,"orthographic":true}